id;username;age;phone;credit_card
1;navigating compressing Tokelau;86527;(404) 574-6640 x639;quantifying channels
2;Books IB;91956;337-139-3583 x236;compelling ADP
3;index Assurance envisioneer;40016;023.572.9259 x418;Fish
4;primary Hat Money Market Account;38463;(009) 420-7135;AGP drive
5;generating Specialist;94649;335.701.0431;Shirt
6;Director plum zero tolerance;81382;1-638-309-8754 x437;Toys
7;Sleek;30348;1-494-590-8240 x552;eyeballs Frozen
8;bi-directional cohesive;72173;840-138-6670;Locks payment
9;Berkshire Customer Village;93996;(018) 165-3198;payment transmitting Rustic Concrete Table
10;enterprise Senior;65083;278.966.7535 x535;Mountains
